{
  "Update Booking" : {
    "transaction" : "Update Booking",
    "sampleCount" : 1500,
    "errorCount" : 0,
    "errorPct" : 0.0,
    "meanResTime" : 4916.331999999995,
    "medianResTime" : 5251.5,
    "minResTime" : 1020.0,
    "maxResTime" : 8240.0,
    "pct1ResTime" : 7126.5,
    "pct2ResTime" : 7226.0,
    "pct3ResTime" : 7857.99,
    "throughput" : 70.19185774450163,
    "receivedKBytesPerSec" : 31.571758379153017,
    "sentKBytesPerSec" : 31.87423227655592
  },
  "Token Generate" : {
    "transaction" : "Token Generate",
    "sampleCount" : 1500,
    "errorCount" : 0,
    "errorPct" : 0.0,
    "meanResTime" : 381.6179999999992,
    "medianResTime" : 323.0,
    "minResTime" : 284.0,
    "maxResTime" : 1750.0,
    "pct1ResTime" : 450.0,
    "pct2ResTime" : 552.0,
    "pct3ResTime" : 1186.95,
    "throughput" : 85.63598995204384,
    "receivedKBytesPerSec" : 25.95461827757479,
    "sentKBytesPerSec" : 23.750606588262162
  },
  "Delete Booking" : {
    "transaction" : "Delete Booking",
    "sampleCount" : 1500,
    "errorCount" : 0,
    "errorPct" : 0.0,
    "meanResTime" : 4211.4493333333385,
    "medianResTime" : 3921.5,
    "minResTime" : 1292.0,
    "maxResTime" : 8272.0,
    "pct1ResTime" : 6934.9,
    "pct2ResTime" : 7216.95,
    "pct3ResTime" : 7719.97,
    "throughput" : 67.83953688209489,
    "receivedKBytesPerSec" : 19.202343078671248,
    "sentKBytesPerSec" : 16.098640099950252
  },
  "Total" : {
    "transaction" : "Total",
    "sampleCount" : 9000,
    "errorCount" : 0,
    "errorPct" : 0.0,
    "meanResTime" : 2926.511999999998,
    "medianResTime" : 2694.0,
    "minResTime" : 284.0,
    "maxResTime" : 8272.0,
    "pct1ResTime" : 5863.900000000001,
    "pct2ResTime" : 6872.0,
    "pct3ResTime" : 7380.969999999999,
    "throughput" : 323.8108944376484,
    "receivedKBytesPerSec" : 129.41972356893575,
    "sentKBytesPerSec" : 99.03005707167014
  },
  "Create Booking" : {
    "transaction" : "Create Booking",
    "sampleCount" : 1500,
    "errorCount" : 0,
    "errorPct" : 0.0,
    "meanResTime" : 3077.190000000005,
    "medianResTime" : 2870.5,
    "minResTime" : 1226.0,
    "maxResTime" : 7958.0,
    "pct1ResTime" : 4370.9,
    "pct2ResTime" : 4556.95,
    "pct3ResTime" : 5175.39,
    "throughput" : 95.38950715421305,
    "receivedKBytesPerSec" : 45.749142984896665,
    "sentKBytesPerSec" : 42.105524642289346
  },
  "Get Updated Booking" : {
    "transaction" : "Get Updated Booking",
    "sampleCount" : 1500,
    "errorCount" : 0,
    "errorPct" : 0.0,
    "meanResTime" : 2566.901333333334,
    "medianResTime" : 2384.0,
    "minResTime" : 1044.0,
    "maxResTime" : 5369.0,
    "pct1ResTime" : 3918.6000000000013,
    "pct2ResTime" : 4062.95,
    "pct3ResTime" : 4679.760000000001,
    "throughput" : 68.60906554452728,
    "receivedKBytesPerSec" : 30.26687139802406,
    "sentKBytesPerSec" : 14.807229966152862
  },
  "Get Booking" : {
    "transaction" : "Get Booking",
    "sampleCount" : 1500,
    "errorCount" : 0,
    "errorPct" : 0.0,
    "meanResTime" : 2405.5813333333335,
    "medianResTime" : 2551.5,
    "minResTime" : 322.0,
    "maxResTime" : 6685.0,
    "pct1ResTime" : 4062.0,
    "pct2ResTime" : 4145.95,
    "pct3ResTime" : 5054.0,
    "throughput" : 89.04719501335707,
    "receivedKBytesPerSec" : 39.30361151306026,
    "sentKBytesPerSec" : 18.609472395369547
  }
}