{
  "Update Booking" : {
    "transaction" : "Update Booking",
    "sampleCount" : 500,
    "errorCount" : 0,
    "errorPct" : 0.0,
    "meanResTime" : 306.0120000000001,
    "medianResTime" : 299.0,
    "minResTime" : 283.0,
    "maxResTime" : 986.0,
    "pct1ResTime" : 314.0,
    "pct2ResTime" : 319.0,
    "pct3ResTime" : 454.0000000000009,
    "throughput" : 52.099614462852976,
    "receivedKBytesPerSec" : 22.989158395852872,
    "sentKBytesPerSec" : 23.607637803480255
  },
  "Token Generate" : {
    "transaction" : "Token Generate",
    "sampleCount" : 500,
    "errorCount" : 0,
    "errorPct" : 0.0,
    "meanResTime" : 297.60600000000034,
    "medianResTime" : 296.0,
    "minResTime" : 282.0,
    "maxResTime" : 339.0,
    "pct1ResTime" : 309.0,
    "pct2ResTime" : 313.0,
    "pct3ResTime" : 325.99,
    "throughput" : 53.02789267154524,
    "receivedKBytesPerSec" : 16.74666421412663,
    "sentKBytesPerSec" : 14.706954608123873
  },
  "Delete Booking" : {
    "transaction" : "Delete Booking",
    "sampleCount" : 500,
    "errorCount" : 0,
    "errorPct" : 0.0,
    "meanResTime" : 305.5939999999997,
    "medianResTime" : 297.0,
    "minResTime" : 284.0,
    "maxResTime" : 893.0,
    "pct1ResTime" : 314.90000000000003,
    "pct2ResTime" : 345.95,
    "pct3ResTime" : 434.8700000000001,
    "throughput" : 50.88022794342119,
    "receivedKBytesPerSec" : 14.038669768240561,
    "sentKBytesPerSec" : 12.024428869441335
  },
  "Total" : {
    "transaction" : "Total",
    "sampleCount" : 3000,
    "errorCount" : 0,
    "errorPct" : 0.0,
    "meanResTime" : 463.75133333333247,
    "medianResTime" : 300.0,
    "minResTime" : 282.0,
    "maxResTime" : 2756.0,
    "pct1ResTime" : 1182.0,
    "pct2ResTime" : 1220.0,
    "pct3ResTime" : 1795.7899999999954,
    "throughput" : 228.78059940517045,
    "receivedKBytesPerSec" : 91.43776691069931,
    "sentKBytesPerSec" : 69.81829815831618
  },
  "Create Booking" : {
    "transaction" : "Create Booking",
    "sampleCount" : 500,
    "errorCount" : 0,
    "errorPct" : 0.0,
    "meanResTime" : 1266.788,
    "medianResTime" : 1190.0,
    "minResTime" : 1131.0,
    "maxResTime" : 2756.0,
    "pct1ResTime" : 1472.1000000000006,
    "pct2ResTime" : 1912.0499999999997,
    "pct3ResTime" : 2109.99,
    "throughput" : 44.523597506678534,
    "receivedKBytesPerSec" : 21.119577164959928,
    "sentKBytesPerSec" : 19.652994211932324
  },
  "Get Updated Booking" : {
    "transaction" : "Get Updated Booking",
    "sampleCount" : 500,
    "errorCount" : 0,
    "errorPct" : 0.0,
    "meanResTime" : 300.3819999999999,
    "medianResTime" : 297.0,
    "minResTime" : 283.0,
    "maxResTime" : 483.0,
    "pct1ResTime" : 310.0,
    "pct2ResTime" : 316.0,
    "pct3ResTime" : 395.8800000000001,
    "throughput" : 51.57297576070139,
    "receivedKBytesPerSec" : 23.307258090510572,
    "sentKBytesPerSec" : 11.08013151108819
  },
  "Get Booking" : {
    "transaction" : "Get Booking",
    "sampleCount" : 500,
    "errorCount" : 0,
    "errorPct" : 0.0,
    "meanResTime" : 306.1260000000002,
    "medianResTime" : 298.0,
    "minResTime" : 284.0,
    "maxResTime" : 1156.0,
    "pct1ResTime" : 322.0,
    "pct2ResTime" : 340.0,
    "pct3ResTime" : 358.99,
    "throughput" : 53.06165764618487,
    "receivedKBytesPerSec" : 23.283185921415686,
    "sentKBytesPerSec" : 11.037239334606813
  }
}