{
  "Update Booking" : {
    "transaction" : "Update Booking",
    "sampleCount" : 100,
    "errorCount" : 0,
    "errorPct" : 0.0,
    "meanResTime" : 320.84999999999997,
    "medianResTime" : 315.0,
    "minResTime" : 290.0,
    "maxResTime" : 394.0,
    "pct1ResTime" : 351.9,
    "pct2ResTime" : 365.84999999999997,
    "pct3ResTime" : 393.90999999999997,
    "throughput" : 10.881392818280741,
    "receivedKBytesPerSec" : 4.61364679678999,
    "sentKBytesPerSec" : 4.941257480957563
  },
  "Token Generate" : {
    "transaction" : "Token Generate",
    "sampleCount" : 100,
    "errorCount" : 0,
    "errorPct" : 0.0,
    "meanResTime" : 310.3499999999999,
    "medianResTime" : 303.0,
    "minResTime" : 285.0,
    "maxResTime" : 374.0,
    "pct1ResTime" : 340.9,
    "pct2ResTime" : 342.0,
    "pct3ResTime" : 373.96999999999997,
    "throughput" : 10.89799476896251,
    "receivedKBytesPerSec" : 3.2890871907693984,
    "sentKBytesPerSec" : 3.0224907367044462
  },
  "Delete Booking" : {
    "transaction" : "Delete Booking",
    "sampleCount" : 100,
    "errorCount" : 0,
    "errorPct" : 0.0,
    "meanResTime" : 316.92999999999984,
    "medianResTime" : 311.0,
    "minResTime" : 292.0,
    "maxResTime" : 385.0,
    "pct1ResTime" : 343.9,
    "pct2ResTime" : 379.4499999999999,
    "pct3ResTime" : 384.96,
    "throughput" : 10.92896174863388,
    "receivedKBytesPerSec" : 3.0080259562841527,
    "sentKBytesPerSec" : 2.5934938524590163
  },
  "Total" : {
    "transaction" : "Total",
    "sampleCount" : 600,
    "errorCount" : 0,
    "errorPct" : 0.0,
    "meanResTime" : 483.5933333333333,
    "medianResTime" : 315.0,
    "minResTime" : 285.0,
    "maxResTime" : 2068.0,
    "pct1ResTime" : 1230.8,
    "pct2ResTime" : 1297.0,
    "pct3ResTime" : 1676.97,
    "throughput" : 47.70233741453332,
    "receivedKBytesPerSec" : 18.69001493182541,
    "sentKBytesPerSec" : 14.588654297185563
  },
  "Create Booking" : {
    "transaction" : "Create Booking",
    "sampleCount" : 100,
    "errorCount" : 0,
    "errorPct" : 0.0,
    "meanResTime" : 1319.5000000000005,
    "medianResTime" : 1258.0,
    "minResTime" : 1151.0,
    "maxResTime" : 2068.0,
    "pct1ResTime" : 1575.4,
    "pct2ResTime" : 1769.149999999999,
    "pct3ResTime" : 2067.97,
    "throughput" : 9.094216078574027,
    "receivedKBytesPerSec" : 4.302168117951982,
    "sentKBytesPerSec" : 4.0142438159330665
  },
  "Get Updated Booking" : {
    "transaction" : "Get Updated Booking",
    "sampleCount" : 100,
    "errorCount" : 0,
    "errorPct" : 0.0,
    "meanResTime" : 317.3200000000001,
    "medianResTime" : 310.0,
    "minResTime" : 289.0,
    "maxResTime" : 385.0,
    "pct1ResTime" : 355.6,
    "pct2ResTime" : 380.29999999999984,
    "pct3ResTime" : 385.0,
    "throughput" : 10.905125408942203,
    "receivedKBytesPerSec" : 4.757360959651036,
    "sentKBytesPerSec" : 2.3535475736095965
  },
  "Get Booking" : {
    "transaction" : "Get Booking",
    "sampleCount" : 100,
    "errorCount" : 0,
    "errorPct" : 0.0,
    "meanResTime" : 316.60999999999996,
    "medianResTime" : 310.0,
    "minResTime" : 289.0,
    "maxResTime" : 382.0,
    "pct1ResTime" : 346.8,
    "pct2ResTime" : 371.69999999999993,
    "pct3ResTime" : 381.99,
    "throughput" : 10.868383871318336,
    "receivedKBytesPerSec" : 4.787289594880991,
    "sentKBytesPerSec" : 2.2713224106075427
  }
}