{
  "Update Booking" : {
    "transaction" : "Update Booking",
    "sampleCount" : 5500,
    "errorCount" : 1901,
    "errorPct" : 34.563637,
    "meanResTime" : 403.11090909091024,
    "medianResTime" : 391.0,
    "minResTime" : 0.0,
    "maxResTime" : 2023.0,
    "pct1ResTime" : 993.0,
    "pct2ResTime" : 1467.0,
    "pct3ResTime" : 1608.0,
    "throughput" : 64.3071778502695,
    "receivedKBytesPerSec" : 67.26502257693477,
    "sentKBytesPerSec" : 19.108720327352767
  },
  "Token Generate" : {
    "transaction" : "Token Generate",
    "sampleCount" : 5500,
    "errorCount" : 1901,
    "errorPct" : 34.563637,
    "meanResTime" : 266.4090909090907,
    "medianResTime" : 347.0,
    "minResTime" : 0.0,
    "maxResTime" : 1842.0,
    "pct1ResTime" : 392.0,
    "pct2ResTime" : 431.0,
    "pct3ResTime" : 1784.9899999999998,
    "throughput" : 64.04956271616727,
    "receivedKBytesPerSec" : 61.31950696757346,
    "sentKBytesPerSec" : 11.623949368820673
  },
  "Delete Booking" : {
    "transaction" : "Delete Booking",
    "sampleCount" : 5500,
    "errorCount" : 2114,
    "errorPct" : 38.436363,
    "meanResTime" : 684.3847272727268,
    "medianResTime" : 374.0,
    "minResTime" : 0.0,
    "maxResTime" : 12263.0,
    "pct1ResTime" : 1463.0,
    "pct2ResTime" : 1579.7999999999993,
    "pct3ResTime" : 9778.99,
    "throughput" : 65.648126044402,
    "receivedKBytesPerSec" : 66.94247349829912,
    "sentKBytesPerSec" : 9.590757601754595
  },
  "Total" : {
    "transaction" : "Total",
    "sampleCount" : 33000,
    "errorCount" : 10368,
    "errorPct" : 31.418182,
    "meanResTime" : 7642.522363636378,
    "medianResTime" : 347.0,
    "minResTime" : 0.0,
    "maxResTime" : 84684.0,
    "pct1ResTime" : 58610.0,
    "pct2ResTime" : 79519.0,
    "pct3ResTime" : 84469.0,
    "throughput" : 365.8779963190456,
    "receivedKBytesPerSec" : 359.89143237424327,
    "sentKBytesPerSec" : 78.7921599898552
  },
  "Create Booking" : {
    "transaction" : "Create Booking",
    "sampleCount" : 5500,
    "errorCount" : 646,
    "errorPct" : 11.745455,
    "meanResTime" : 43647.512363636284,
    "medianResTime" : 43866.5,
    "minResTime" : 1364.0,
    "maxResTime" : 84684.0,
    "pct1ResTime" : 84140.0,
    "pct2ResTime" : 84179.95,
    "pct3ResTime" : 84589.0,
    "throughput" : 60.98101827213057,
    "receivedKBytesPerSec" : 47.06779616678863,
    "sentKBytesPerSec" : 23.755831309872274
  },
  "Get Updated Booking" : {
    "transaction" : "Get Updated Booking",
    "sampleCount" : 5500,
    "errorCount" : 1905,
    "errorPct" : 34.636364,
    "meanResTime" : 322.6694545454544,
    "medianResTime" : 360.0,
    "minResTime" : 0.0,
    "maxResTime" : 10149.0,
    "pct1ResTime" : 794.0,
    "pct2ResTime" : 886.9499999999998,
    "pct3ResTime" : 1029.9799999999996,
    "throughput" : 64.90517943331878,
    "receivedKBytesPerSec" : 68.27702194385111,
    "sentKBytesPerSec" : 9.156044128883984
  },
  "Get Booking" : {
    "transaction" : "Get Booking",
    "sampleCount" : 5500,
    "errorCount" : 1901,
    "errorPct" : 34.563637,
    "meanResTime" : 531.0476363636351,
    "medianResTime" : 378.0,
    "minResTime" : 0.0,
    "maxResTime" : 7513.0,
    "pct1ResTime" : 854.8000000000011,
    "pct2ResTime" : 1853.6499999999987,
    "pct3ResTime" : 5626.98,
    "throughput" : 63.78438558240943,
    "receivedKBytesPerSec" : 67.2890385808554,
    "sentKBytesPerSec" : 8.722627981920027
  }
}