{
  "Update Booking" : {
    "transaction" : "Update Booking",
    "sampleCount" : 2500,
    "errorCount" : 0,
    "errorPct" : 0.0,
    "meanResTime" : 537.4719999999995,
    "medianResTime" : 371.0,
    "minResTime" : 296.0,
    "maxResTime" : 1254.0,
    "pct1ResTime" : 1149.9,
    "pct2ResTime" : 1168.9499999999998,
    "pct3ResTime" : 1218.0,
    "throughput" : 49.38076520433761,
    "receivedKBytesPerSec" : 22.058137055079303,
    "sentKBytesPerSec" : 22.42388263673534
  },
  "Token Generate" : {
    "transaction" : "Token Generate",
    "sampleCount" : 2500,
    "errorCount" : 0,
    "errorPct" : 0.0,
    "meanResTime" : 343.40200000000016,
    "medianResTime" : 345.0,
    "minResTime" : 292.0,
    "maxResTime" : 979.0,
    "pct1ResTime" : 368.0,
    "pct2ResTime" : 376.0,
    "pct3ResTime" : 416.97999999999956,
    "throughput" : 49.37881451342116,
    "receivedKBytesPerSec" : 15.215310148333959,
    "sentKBytesPerSec" : 13.694905587706652
  },
  "Delete Booking" : {
    "transaction" : "Delete Booking",
    "sampleCount" : 2500,
    "errorCount" : 0,
    "errorPct" : 0.0,
    "meanResTime" : 475.1183999999998,
    "medianResTime" : 361.0,
    "minResTime" : 297.0,
    "maxResTime" : 1201.0,
    "pct1ResTime" : 951.0,
    "pct2ResTime" : 992.8999999999996,
    "pct3ResTime" : 1043.9899999999998,
    "throughput" : 49.714637978006245,
    "receivedKBytesPerSec" : 14.032480903364688,
    "sentKBytesPerSec" : 11.797516629546404
  },
  "Total" : {
    "transaction" : "Total",
    "sampleCount" : 15000,
    "errorCount" : 0,
    "errorPct" : 0.0,
    "meanResTime" : 3177.346533333326,
    "medianResTime" : 364.0,
    "minResTime" : 292.0,
    "maxResTime" : 46428.0,
    "pct1ResTime" : 8434.0,
    "pct2ResTime" : 25328.949999999997,
    "pct3ResTime" : 43363.0,
    "throughput" : 273.5578939689603,
    "receivedKBytesPerSec" : 109.30531041412107,
    "sentKBytesPerSec" : 83.6613415963015
  },
  "Create Booking" : {
    "transaction" : "Create Booking",
    "sampleCount" : 2500,
    "errorCount" : 0,
    "errorPct" : 0.0,
    "meanResTime" : 16877.179999999993,
    "medianResTime" : 16411.0,
    "minResTime" : 1334.0,
    "maxResTime" : 46428.0,
    "pct1ResTime" : 37408.0,
    "pct2ResTime" : 43376.0,
    "pct3ResTime" : 46353.99,
    "throughput" : 47.15557567526785,
    "receivedKBytesPerSec" : 22.346972052069187,
    "sentKBytesPerSec" : 20.814765825411197
  },
  "Get Updated Booking" : {
    "transaction" : "Get Updated Booking",
    "sampleCount" : 2500,
    "errorCount" : 0,
    "errorPct" : 0.0,
    "meanResTime" : 432.56879999999876,
    "medianResTime" : 355.0,
    "minResTime" : 295.0,
    "maxResTime" : 1378.0,
    "pct1ResTime" : 739.0,
    "pct2ResTime" : 777.9499999999998,
    "pct3ResTime" : 853.9899999999998,
    "throughput" : 49.37783922575549,
    "receivedKBytesPerSec" : 21.975549482767132,
    "sentKBytesPerSec" : 10.656740692277305
  },
  "Get Booking" : {
    "transaction" : "Get Booking",
    "sampleCount" : 2500,
    "errorCount" : 0,
    "errorPct" : 0.0,
    "meanResTime" : 398.3380000000001,
    "medianResTime" : 353.0,
    "minResTime" : 296.0,
    "maxResTime" : 867.0,
    "pct1ResTime" : 590.0,
    "pct2ResTime" : 649.0,
    "pct3ResTime" : 736.9699999999993,
    "throughput" : 49.36516399107478,
    "receivedKBytesPerSec" : 21.788684239430918,
    "sentKBytesPerSec" : 10.316547943447269
  }
}