{
  "Update Booking" : {
    "transaction" : "Update Booking",
    "sampleCount" : 4000,
    "errorCount" : 512,
    "errorPct" : 12.8,
    "meanResTime" : 411.41949999999997,
    "medianResTime" : 358.0,
    "minResTime" : 298.0,
    "maxResTime" : 1110.0,
    "pct1ResTime" : 705.0,
    "pct2ResTime" : 781.0,
    "pct3ResTime" : 825.0,
    "throughput" : 33.387588164099995,
    "receivedKBytesPerSec" : 14.161594948562247,
    "sentKBytesPerSec" : 15.141564678018446
  },
  "Token Generate" : {
    "transaction" : "Token Generate",
    "sampleCount" : 4000,
    "errorCount" : 0,
    "errorPct" : 0.0,
    "meanResTime" : 345.5200000000003,
    "medianResTime" : 340.0,
    "minResTime" : 295.0,
    "maxResTime" : 1166.0,
    "pct1ResTime" : 377.0,
    "pct2ResTime" : 399.0,
    "pct3ResTime" : 437.0,
    "throughput" : 33.41855063745886,
    "receivedKBytesPerSec" : 10.081689754185673,
    "sentKBytesPerSec" : 9.268426153357728
  },
  "Delete Booking" : {
    "transaction" : "Delete Booking",
    "sampleCount" : 4000,
    "errorCount" : 512,
    "errorPct" : 12.8,
    "meanResTime" : 412.47275000000053,
    "medianResTime" : 357.0,
    "minResTime" : 298.0,
    "maxResTime" : 23515.0,
    "pct1ResTime" : 541.8000000000002,
    "pct2ResTime" : 731.0,
    "pct3ResTime" : 791.9799999999996,
    "throughput" : 33.44565499134593,
    "receivedKBytesPerSec" : 9.520008471157304,
    "sentKBytesPerSec" : 7.916985010075504
  },
  "Total" : {
    "transaction" : "Total",
    "sampleCount" : 24000,
    "errorCount" : 1536,
    "errorPct" : 6.4,
    "meanResTime" : 6596.066749999994,
    "medianResTime" : 359.0,
    "minResTime" : 295.0,
    "maxResTime" : 85690.0,
    "pct1ResTime" : 25637.0,
    "pct2ResTime" : 58510.0,
    "pct3ResTime" : 84173.99,
    "throughput" : 191.57546876122512,
    "receivedKBytesPerSec" : 246.36775998138125,
    "sentKBytesPerSec" : 56.70920739640955
  },
  "Create Booking" : {
    "transaction" : "Create Booking",
    "sampleCount" : 4000,
    "errorCount" : 512,
    "errorPct" : 12.8,
    "meanResTime" : 34899.74249999997,
    "medianResTime" : 25570.5,
    "minResTime" : 1238.0,
    "maxResTime" : 85690.0,
    "pct1ResTime" : 84146.0,
    "pct2ResTime" : 84173.95,
    "pct3ResTime" : 85423.94,
    "throughput" : 41.787240266184725,
    "receivedKBytesPerSec" : 33.483801404834786,
    "sentKBytesPerSec" : 16.084169948706162
  },
  "Get Updated Booking" : {
    "transaction" : "Get Updated Booking",
    "sampleCount" : 4000,
    "errorCount" : 0,
    "errorPct" : 0.0,
    "meanResTime" : 382.79875000000067,
    "medianResTime" : 355.0,
    "minResTime" : 299.0,
    "maxResTime" : 974.0,
    "pct1ResTime" : 533.0,
    "pct2ResTime" : 585.0,
    "pct3ResTime" : 628.0,
    "throughput" : 33.41855063745886,
    "receivedKBytesPerSec" : 98.54738143463749,
    "sentKBytesPerSec" : 7.192592412735809
  },
  "Get Booking" : {
    "transaction" : "Get Booking",
    "sampleCount" : 4000,
    "errorCount" : 0,
    "errorPct" : 0.0,
    "meanResTime" : 3124.446999999998,
    "medianResTime" : 379.0,
    "minResTime" : 300.0,
    "maxResTime" : 43513.0,
    "pct1ResTime" : 8453.1,
    "pct2ResTime" : 22772.75,
    "pct3ResTime" : 25907.079999999936,
    "throughput" : 33.50083752093802,
    "receivedKBytesPerSec" : 99.00838829564489,
    "sentKBytesPerSec" : 6.981293184673366
  }
}