{
  "Update Booking" : {
    "transaction" : "Update Booking",
    "sampleCount" : 3000,
    "errorCount" : 1,
    "errorPct" : 0.033333335,
    "meanResTime" : 527.7576666666681,
    "medianResTime" : 381.0,
    "minResTime" : 304.0,
    "maxResTime" : 1343.0,
    "pct1ResTime" : 1183.0,
    "pct2ResTime" : 1212.9499999999998,
    "pct3ResTime" : 1297.0,
    "throughput" : 44.46354730180374,
    "receivedKBytesPerSec" : 19.804240548717225,
    "sentKBytesPerSec" : 20.190908408797853
  },
  "Token Generate" : {
    "transaction" : "Token Generate",
    "sampleCount" : 3000,
    "errorCount" : 0,
    "errorPct" : 0.0,
    "meanResTime" : 350.5820000000002,
    "medianResTime" : 347.0,
    "minResTime" : 299.0,
    "maxResTime" : 1201.0,
    "pct1ResTime" : 378.0,
    "pct2ResTime" : 401.0,
    "pct3ResTime" : 446.0,
    "throughput" : 44.523597506678534,
    "receivedKBytesPerSec" : 13.608524529719503,
    "sentKBytesPerSec" : 12.348341495992877
  },
  "Delete Booking" : {
    "transaction" : "Delete Booking",
    "sampleCount" : 3000,
    "errorCount" : 1,
    "errorPct" : 0.033333335,
    "meanResTime" : 551.4063333333329,
    "medianResTime" : 370.0,
    "minResTime" : 297.0,
    "maxResTime" : 8573.0,
    "pct1ResTime" : 884.9000000000001,
    "pct2ResTime" : 1293.0,
    "pct3ResTime" : 4424.969999999999,
    "throughput" : 45.17664066500015,
    "receivedKBytesPerSec" : 12.86088665274975,
    "sentKBytesPerSec" : 10.720569771556786
  },
  "Total" : {
    "transaction" : "Total",
    "sampleCount" : 18000,
    "errorCount" : 3,
    "errorPct" : 0.016666668,
    "meanResTime" : 4135.001555555569,
    "medianResTime" : 370.0,
    "minResTime" : 294.0,
    "maxResTime" : 64612.0,
    "pct1ResTime" : 8471.399999999998,
    "pct2ResTime" : 37428.95,
    "pct3ResTime" : 58530.0,
    "throughput" : 251.77290084343923,
    "receivedKBytesPerSec" : 101.18617928503491,
    "sentKBytesPerSec" : 76.99251369015148
  },
  "Create Booking" : {
    "transaction" : "Create Booking",
    "sampleCount" : 3000,
    "errorCount" : 1,
    "errorPct" : 0.033333335,
    "meanResTime" : 22551.75366666668,
    "medianResTime" : 16511.0,
    "minResTime" : 1269.0,
    "maxResTime" : 64612.0,
    "pct1ResTime" : 50542.0,
    "pct2ResTime" : 58577.95,
    "pct3ResTime" : 58720.0,
    "throughput" : 43.71457298147959,
    "receivedKBytesPerSec" : 20.58963502429802,
    "sentKBytesPerSec" : 19.289453768196193
  },
  "Get Updated Booking" : {
    "transaction" : "Get Updated Booking",
    "sampleCount" : 3000,
    "errorCount" : 0,
    "errorPct" : 0.0,
    "meanResTime" : 424.3890000000007,
    "medianResTime" : 361.0,
    "minResTime" : 294.0,
    "maxResTime" : 1450.0,
    "pct1ResTime" : 715.8000000000002,
    "pct2ResTime" : 795.0,
    "pct3ResTime" : 856.9599999999991,
    "throughput" : 44.88800442894977,
    "receivedKBytesPerSec" : 20.289553345652596,
    "sentKBytesPerSec" : 9.687684695434891
  },
  "Get Booking" : {
    "transaction" : "Get Booking",
    "sampleCount" : 3000,
    "errorCount" : 0,
    "errorPct" : 0.0,
    "meanResTime" : 404.12066666666743,
    "medianResTime" : 361.0,
    "minResTime" : 297.0,
    "maxResTime" : 4789.0,
    "pct1ResTime" : 586.0,
    "pct2ResTime" : 727.0,
    "pct3ResTime" : 808.9899999999998,
    "throughput" : 44.53086731285903,
    "receivedKBytesPerSec" : 20.15604474053348,
    "sentKBytesPerSec" : 9.306197490685626
  }
}