{
  "Update Booking" : {
    "transaction" : "Update Booking",
    "sampleCount" : 3500,
    "errorCount" : 130,
    "errorPct" : 3.7142856,
    "meanResTime" : 559.0914285714293,
    "medianResTime" : 388.0,
    "minResTime" : 303.0,
    "maxResTime" : 1986.0,
    "pct1ResTime" : 1454.0,
    "pct2ResTime" : 1544.9499999999998,
    "pct3ResTime" : 1688.9899999999998,
    "throughput" : 37.35245779172269,
    "receivedKBytesPerSec" : 16.436748948795117,
    "sentKBytesPerSec" : 16.9563900050159
  },
  "Token Generate" : {
    "transaction" : "Token Generate",
    "sampleCount" : 3500,
    "errorCount" : 0,
    "errorPct" : 0.0,
    "meanResTime" : 341.3048571428568,
    "medianResTime" : 336.0,
    "minResTime" : 298.0,
    "maxResTime" : 998.0,
    "pct1ResTime" : 371.0,
    "pct2ResTime" : 383.0,
    "pct3ResTime" : 424.97999999999956,
    "throughput" : 37.344885351201974,
    "receivedKBytesPerSec" : 11.503735572203668,
    "sentKBytesPerSec" : 10.357370546622422
  },
  "Delete Booking" : {
    "transaction" : "Delete Booking",
    "sampleCount" : 3500,
    "errorCount" : 130,
    "errorPct" : 3.7142856,
    "meanResTime" : 536.7151428571431,
    "medianResTime" : 371.0,
    "minResTime" : 302.0,
    "maxResTime" : 23618.0,
    "pct1ResTime" : 1254.6000000000004,
    "pct2ResTime" : 1430.8499999999995,
    "pct3ResTime" : 1605.9599999999991,
    "throughput" : 37.91284378825136,
    "receivedKBytesPerSec" : 10.66695420060769,
    "sentKBytesPerSec" : 8.991394799982668
  },
  "Total" : {
    "transaction" : "Total",
    "sampleCount" : 21000,
    "errorCount" : 390,
    "errorPct" : 1.8571428,
    "meanResTime" : 5682.144619047642,
    "medianResTime" : 375.0,
    "minResTime" : 296.0,
    "maxResTime" : 84216.0,
    "pct1ResTime" : 22497.0,
    "pct2ResTime" : 46443.9,
    "pct3ResTime" : 79561.0,
    "throughput" : 214.8161787270607,
    "receivedKBytesPerSec" : 191.18481072201254,
    "sentKBytesPerSec" : 65.08878269553387
  },
  "Create Booking" : {
    "transaction" : "Create Booking",
    "sampleCount" : 3500,
    "errorCount" : 130,
    "errorPct" : 3.7142856,
    "meanResTime" : 30991.695714285695,
    "medianResTime" : 25437.5,
    "minResTime" : 1267.0,
    "maxResTime" : 84216.0,
    "pct1ResTime" : 67539.0,
    "pct2ResTime" : 79617.95,
    "pct3ResTime" : 84185.0,
    "throughput" : 37.78106413065772,
    "receivedKBytesPerSec" : 21.42044024722309,
    "sentKBytesPerSec" : 16.0573739191917
  },
  "Get Updated Booking" : {
    "transaction" : "Get Updated Booking",
    "sampleCount" : 3500,
    "errorCount" : 0,
    "errorPct" : 0.0,
    "meanResTime" : 449.32199999999926,
    "medianResTime" : 363.0,
    "minResTime" : 296.0,
    "maxResTime" : 2311.0,
    "pct1ResTime" : 894.0,
    "pct2ResTime" : 929.9499999999998,
    "pct3ResTime" : 1108.9899999999998,
    "throughput" : 37.65627353517096,
    "receivedKBytesPerSec" : 70.40508568147096,
    "sentKBytesPerSec" : 8.121525200116197
  },
  "Get Booking" : {
    "transaction" : "Get Booking",
    "sampleCount" : 3500,
    "errorCount" : 0,
    "errorPct" : 0.0,
    "meanResTime" : 1214.7385714285729,
    "medianResTime" : 381.0,
    "minResTime" : 300.0,
    "maxResTime" : 25569.0,
    "pct1ResTime" : 1421.9,
    "pct2ResTime" : 4352.95,
    "pct3ResTime" : 22501.989999999998,
    "throughput" : 37.339705976486655,
    "receivedKBytesPerSec" : 69.96998321046793,
    "sentKBytesPerSec" : 7.797997524910919
  }
}