{
  "Update Booking" : {
    "transaction" : "Update Booking",
    "sampleCount" : 2000,
    "errorCount" : 0,
    "errorPct" : 0.0,
    "meanResTime" : 860.9225000000007,
    "medianResTime" : 621.0,
    "minResTime" : 285.0,
    "maxResTime" : 16911.0,
    "pct1ResTime" : 1606.0,
    "pct2ResTime" : 2182.349999999994,
    "pct3ResTime" : 4491.98,
    "throughput" : 64.18897233455293,
    "receivedKBytesPerSec" : 28.550458800709286,
    "sentKBytesPerSec" : 29.148312632389754
  },
  "Token Generate" : {
    "transaction" : "Token Generate",
    "sampleCount" : 2000,
    "errorCount" : 0,
    "errorPct" : 0.0,
    "meanResTime" : 690.5294999999992,
    "medianResTime" : 426.0,
    "minResTime" : 284.0,
    "maxResTime" : 16683.0,
    "pct1ResTime" : 1495.0,
    "pct2ResTime" : 1715.9499999999998,
    "pct3ResTime" : 4445.64,
    "throughput" : 64.1210605623417,
    "receivedKBytesPerSec" : 19.472169706405694,
    "sentKBytesPerSec" : 17.783575390336956
  },
  "Delete Booking" : {
    "transaction" : "Delete Booking",
    "sampleCount" : 2000,
    "errorCount" : 0,
    "errorPct" : 0.0,
    "meanResTime" : 789.5609999999997,
    "medianResTime" : 597.5,
    "minResTime" : 284.0,
    "maxResTime" : 8794.0,
    "pct1ResTime" : 1476.9,
    "pct2ResTime" : 1730.5999999999985,
    "pct3ResTime" : 4421.6900000000005,
    "throughput" : 64.57028475495576,
    "receivedKBytesPerSec" : 18.276858716181312,
    "sentKBytesPerSec" : 15.322831245560792
  },
  "Total" : {
    "transaction" : "Total",
    "sampleCount" : 12000,
    "errorCount" : 0,
    "errorPct" : 0.0,
    "meanResTime" : 1509.757916666666,
    "medianResTime" : 595.0,
    "minResTime" : 284.0,
    "maxResTime" : 27994.0,
    "pct1ResTime" : 3904.0,
    "pct2ResTime" : 6372.399999999987,
    "pct3ResTime" : 12494.98,
    "throughput" : 342.63198469577134,
    "receivedKBytesPerSec" : 136.8516425813037,
    "sentKBytesPerSec" : 104.7860513091397
  },
  "Create Booking" : {
    "transaction" : "Create Booking",
    "sampleCount" : 2000,
    "errorCount" : 0,
    "errorPct" : 0.0,
    "meanResTime" : 4993.180499999991,
    "medianResTime" : 3934.5,
    "minResTime" : 1418.0,
    "maxResTime" : 27994.0,
    "pct1ResTime" : 9256.400000000003,
    "pct2ResTime" : 13098.749999999985,
    "pct3ResTime" : 15922.110000000002,
    "throughput" : 60.77549532028686,
    "receivedKBytesPerSec" : 28.95136274803999,
    "sentKBytesPerSec" : 26.82668348122037
  },
  "Get Updated Booking" : {
    "transaction" : "Get Updated Booking",
    "sampleCount" : 2000,
    "errorCount" : 0,
    "errorPct" : 0.0,
    "meanResTime" : 802.5514999999989,
    "medianResTime" : 536.0,
    "minResTime" : 285.0,
    "maxResTime" : 14937.0,
    "pct1ResTime" : 1540.0,
    "pct2ResTime" : 2285.95,
    "pct3ResTime" : 5232.150000000003,
    "throughput" : 64.50156416293096,
    "receivedKBytesPerSec" : 28.707416369690712,
    "sentKBytesPerSec" : 13.920747734382559
  },
  "Get Booking" : {
    "transaction" : "Get Booking",
    "sampleCount" : 2000,
    "errorCount" : 0,
    "errorPct" : 0.0,
    "meanResTime" : 921.8025000000005,
    "medianResTime" : 540.0,
    "minResTime" : 285.0,
    "maxResTime" : 17806.0,
    "pct1ResTime" : 1698.0,
    "pct2ResTime" : 2741.699999999999,
    "pct3ResTime" : 7412.820000000003,
    "throughput" : 64.54736162659351,
    "receivedKBytesPerSec" : 28.628488331047283,
    "sentKBytesPerSec" : 13.489390027432629
  }
}