{
  "Update Booking" : {
    "transaction" : "Update Booking",
    "sampleCount" : 1000,
    "errorCount" : 0,
    "errorPct" : 0.0,
    "meanResTime" : 1332.9609999999993,
    "medianResTime" : 1431.5,
    "minResTime" : 434.0,
    "maxResTime" : 3714.0,
    "pct1ResTime" : 2009.9,
    "pct2ResTime" : 2029.0,
    "pct3ResTime" : 2075.0,
    "throughput" : 84.29570934839417,
    "receivedKBytesPerSec" : 37.0426134567563,
    "sentKBytesPerSec" : 38.27881332715165
  },
  "Token Generate" : {
    "transaction" : "Token Generate",
    "sampleCount" : 1000,
    "errorCount" : 0,
    "errorPct" : 0.0,
    "meanResTime" : 426.4700000000003,
    "medianResTime" : 327.0,
    "minResTime" : 300.0,
    "maxResTime" : 4918.0,
    "pct1ResTime" : 531.9,
    "pct2ResTime" : 1247.9499999999998,
    "pct3ResTime" : 1634.3400000000006,
    "throughput" : 91.06638739641198,
    "receivedKBytesPerSec" : 28.213949805345596,
    "sentKBytesPerSec" : 25.256693379473635
  },
  "Delete Booking" : {
    "transaction" : "Delete Booking",
    "sampleCount" : 1000,
    "errorCount" : 0,
    "errorPct" : 0.0,
    "meanResTime" : 1120.4140000000018,
    "medianResTime" : 1040.0,
    "minResTime" : 312.0,
    "maxResTime" : 2929.0,
    "pct1ResTime" : 1849.0,
    "pct2ResTime" : 1996.9499999999998,
    "pct3ResTime" : 2067.9300000000003,
    "throughput" : 87.9584835957428,
    "receivedKBytesPerSec" : 25.142211001407336,
    "sentKBytesPerSec" : 20.872960462661624
  },
  "Total" : {
    "transaction" : "Total",
    "sampleCount" : 6000,
    "errorCount" : 0,
    "errorPct" : 0.0,
    "meanResTime" : 1173.9695000000013,
    "medianResTime" : 937.0,
    "minResTime" : 300.0,
    "maxResTime" : 8774.0,
    "pct1ResTime" : 2026.0,
    "pct2ResTime" : 2371.749999999999,
    "pct3ResTime" : 4916.899999999998,
    "throughput" : 380.56577445135105,
    "receivedKBytesPerSec" : 151.937974220633,
    "sentKBytesPerSec" : 116.38722171127743
  },
  "Create Booking" : {
    "transaction" : "Create Booking",
    "sampleCount" : 1000,
    "errorCount" : 0,
    "errorPct" : 0.0,
    "meanResTime" : 2442.9250000000047,
    "medianResTime" : 1984.0,
    "minResTime" : 1221.0,
    "maxResTime" : 8774.0,
    "pct1ResTime" : 4250.5,
    "pct2ResTime" : 5000.799999999999,
    "pct3ResTime" : 7746.980000000001,
    "throughput" : 81.02414519526819,
    "receivedKBytesPerSec" : 38.26602632271917,
    "sentKBytesPerSec" : 35.76456409009885
  },
  "Get Updated Booking" : {
    "transaction" : "Get Updated Booking",
    "sampleCount" : 1000,
    "errorCount" : 0,
    "errorPct" : 0.0,
    "meanResTime" : 856.8389999999987,
    "medianResTime" : 892.5,
    "minResTime" : 391.0,
    "maxResTime" : 3239.0,
    "pct1ResTime" : 1158.0,
    "pct2ResTime" : 1235.8999999999999,
    "pct3ResTime" : 2035.8800000000047,
    "throughput" : 86.86587908269631,
    "receivedKBytesPerSec" : 38.940090367659835,
    "sentKBytesPerSec" : 18.747421169214732
  },
  "Get Booking" : {
    "transaction" : "Get Booking",
    "sampleCount" : 1000,
    "errorCount" : 0,
    "errorPct" : 0.0,
    "meanResTime" : 864.2079999999997,
    "medianResTime" : 781.0,
    "minResTime" : 308.0,
    "maxResTime" : 7785.0,
    "pct1ResTime" : 1245.6999999999998,
    "pct2ResTime" : 1495.0,
    "pct3ResTime" : 2801.1000000000026,
    "throughput" : 91.0166560480568,
    "receivedKBytesPerSec" : 40.029196436697916,
    "sentKBytesPerSec" : 19.021058978793118
  }
}